sensor_id,timestamp,temperature,humidity,location,sensor_type
1039,2025-04-28 08:16:00,33.88,51.21,BuildingB_Floor1,TypeB
1007,2025-04-29 13:58:09,23.67,46.83,BuildingB_Floor1,TypeA
1074,2025-05-01 08:43:17,16.04,37.49,BuildingA_Floor1,TypeA
1095,2025-04-29 00:57:20,21.03,70.42,BuildingA_Floor2,TypeB
1000,2025-04-30 09:43:05,24.32,36.55,BuildingA_Floor2,TypeA
1014,2025-05-02 17:04:51,25.57,47.25,BuildingA_Floor1,TypeA
1025,2025-04-30 02:18:24,23.13,70.93,BuildingA_Floor1,TypeB
1021,2025-04-29 03:07:23,23.09,31.42,BuildingB_Floor2,TypeA
1093,2025-04-30 05:58:05,28.46,72.68,BuildingA_Floor1,TypeC
1080,2025-05-02 20:46:20,23.94,58.77,BuildingA_Floor2,TypeB
1040,2025-05-01 05:39:09,22.87,36.69,BuildingB_Floor1,TypeA
1080,2025-05-01 03:48:58,19.87,57.98,BuildingB_Floor1,TypeA
1071,2025-04-28 19:00:18,17.01,38.35,BuildingA_Floor1,TypeB
1009,2025-04-29 19:32:02,16.68,60.41,BuildingA_Floor1,TypeC
1034,2025-04-30 11:03:14,31.52,60.94,BuildingA_Floor1,TypeB
1061,2025-04-28 21:22:12,32.99,78.57,BuildingB_Floor2,TypeB
1004,2025-04-30 10:10:49,18.07,72.0,BuildingB_Floor2,TypeA
1009,2025-04-28 08:03:43,26.65,78.78,BuildingA_Floor2,TypeC
1028,2025-04-28 10:01:56,23.64,54.48,BuildingA_Floor1,TypeB
1071,2025-05-02 03:14:21,21.04,67.19,BuildingA_Floor1,TypeB
1079,2025-05-02 03:05:05,27.95,44.28,BuildingB_Floor2,TypeC
1060,2025-05-01 12:05:13,21.4,65.1,BuildingA_Floor2,TypeB
1048,2025-04-29 19:35:37,16.19,71.03,BuildingB_Floor2,TypeC
1022,2025-05-02 17:52:29,31.43,33.66,BuildingA_Floor2,TypeC
1095,2025-05-02 13:34:49,22.11,32.59,BuildingA_Floor2,TypeA
1065,2025-04-30 17:44:07,24.91,74.29,BuildingA_Floor2,TypeC
1085,2025-04-29 18:59:02,28.95,78.57,BuildingA_Floor2,TypeA
1091,2025-04-30 21:13:33,27.05,78.64,BuildingB_Floor1,TypeC
1068,2025-04-29 05:09:38,27.56,69.45,BuildingA_Floor2,TypeA
1037,2025-05-02 09:59:03,23.22,52.26,BuildingA_Floor2,TypeA
1055,2025-04-30 18:12:51,21.51,61.42,BuildingA_Floor1,TypeB
1028,2025-04-30 14:20:58,25.59,46.56,BuildingB_Floor1,TypeB
1093,2025-05-02 06:28:03,30.99,56.84,BuildingB_Floor1,TypeA
1027,2025-04-29 10:23:28,26.01,52.24,BuildingB_Floor1,TypeC
1080,2025-04-30 15:27:44,28.88,42.64,BuildingA_Floor1,TypeB
1061,2025-04-30 23:49:08,25.64,78.96,BuildingA_Floor1,TypeC
1007,2025-05-01 13:36:13,25.13,73.04,BuildingA_Floor1,TypeA
1047,2025-04-30 19:29:48,33.31,70.29,BuildingB_Floor1,TypeC
1043,2025-04-28 23:36:41,33.76,36.59,BuildingB_Floor1,TypeB
1059,2025-05-01 05:06:48,30.31,71.27,BuildingB_Floor1,TypeA
1017,2025-05-02 19:39:42,32.0,38.6,BuildingB_Floor2,TypeB
1084,2025-04-29 21:38:03,29.41,55.55,BuildingA_Floor1,TypeB
1031,2025-05-01 07:04:31,23.18,47.68,BuildingA_Floor2,TypeB
1070,2025-05-02 17:17:08,17.47,52.58,BuildingB_Floor2,TypeA
1015,2025-05-01 08:33:36,26.38,73.44,BuildingA_Floor2,TypeB
1007,2025-04-28 20:36:20,27.12,53.72,BuildingB_Floor2,TypeA
1050,2025-05-01 18:28:29,17.97,46.25,BuildingA_Floor2,TypeC
1004,2025-04-28 16:00:18,15.28,45.3,BuildingA_Floor2,TypeA
1092,2025-04-30 19:14:00,23.4,77.48,BuildingA_Floor1,TypeB
1050,2025-04-28 18:45:40,29.58,74.13,BuildingB_Floor2,TypeA
1009,2025-05-02 16:43:12,28.71,73.33,BuildingB_Floor2,TypeA
1089,2025-05-02 01:42:55,31.54,42.37,BuildingB_Floor2,TypeC
1021,2025-05-02 07:01:59,16.83,79.11,BuildingA_Floor1,TypeA
1080,2025-04-28 23:16:45,27.17,40.05,BuildingA_Floor2,TypeC
1100,2025-04-29 02:42:34,30.73,64.91,BuildingB_Floor1,TypeA
1047,2025-05-01 14:55:41,32.64,30.19,BuildingA_Floor1,TypeB
1085,2025-04-28 13:09:22,27.6,62.15,BuildingA_Floor2,TypeB
1070,2025-04-29 04:18:28,15.57,44.42,BuildingB_Floor1,TypeB
1029,2025-04-29 00:08:15,28.63,67.53,BuildingB_Floor1,TypeB
1090,2025-05-02 04:59:37,32.56,73.45,BuildingB_Floor1,TypeB
1022,2025-04-30 10:20:53,17.31,69.18,BuildingA_Floor2,TypeC
1055,2025-04-28 16:50:21,24.42,38.42,BuildingA_Floor2,TypeA
1008,2025-04-30 01:05:38,18.71,34.52,BuildingB_Floor2,TypeC
1033,2025-04-29 22:37:03,26.42,30.47,BuildingA_Floor2,TypeB
1006,2025-05-02 20:18:48,20.45,39.48,BuildingA_Floor1,TypeA
1037,2025-05-01 08:51:15,23.35,39.71,BuildingA_Floor1,TypeB
1088,2025-05-02 02:43:16,23.76,35.63,BuildingA_Floor1,TypeC
1004,2025-04-28 01:30:54,20.91,76.81,BuildingA_Floor1,TypeC
1075,2025-04-30 17:18:50,34.75,62.5,BuildingB_Floor2,TypeC
1014,2025-05-02 09:52:30,18.35,51.84,BuildingB_Floor2,TypeB
1011,2025-04-30 16:53:15,15.73,76.35,BuildingB_Floor1,TypeC
1066,2025-05-01 10:13:47,31.83,54.02,BuildingB_Floor2,TypeA
1088,2025-04-30 15:22:14,16.32,58.11,BuildingA_Floor1,TypeA
1067,2025-05-02 15:19:27,25.75,76.03,BuildingB_Floor1,TypeB
1023,2025-04-30 02:36:10,21.49,75.98,BuildingA_Floor2,TypeA
1063,2025-04-30 03:04:02,31.82,73.51,BuildingA_Floor2,TypeA
1000,2025-04-30 06:21:36,16.87,79.84,BuildingA_Floor1,TypeB
1009,2025-05-01 12:23:36,30.0,62.78,BuildingA_Floor1,TypeC
1016,2025-05-02 23:09:21,33.17,47.73,BuildingB_Floor1,TypeA
1096,2025-05-01 14:07:17,30.13,46.39,BuildingB_Floor1,TypeB
1010,2025-04-29 00:36:42,18.73,76.66,BuildingB_Floor1,TypeC
1041,2025-04-28 19:02:58,34.0,30.3,BuildingA_Floor1,TypeB
1043,2025-05-01 17:57:49,22.95,74.41,BuildingB_Floor2,TypeC
1024,2025-04-29 01:50:58,22.37,31.15,BuildingA_Floor2,TypeB
1031,2025-04-29 00:58:52,18.18,31.74,BuildingA_Floor1,TypeA
1075,2025-04-28 09:27:20,25.53,32.41,BuildingB_Floor1,TypeB
1030,2025-05-01 02:53:44,31.34,77.76,BuildingA_Floor2,TypeA
1038,2025-05-01 00:32:19,21.1,68.55,BuildingB_Floor2,TypeA
1097,2025-05-02 12:03:34,22.23,40.96,BuildingB_Floor2,TypeB
1025,2025-05-02 13:11:40,23.94,52.18,BuildingA_Floor2,TypeA
1013,2025-04-29 08:51:16,17.67,71.54,BuildingB_Floor1,TypeB
1035,2025-04-28 09:07:41,26.24,45.67,BuildingA_Floor2,TypeB
1068,2025-04-28 13:22:02,24.76,43.36,BuildingB_Floor1,TypeC
1029,2025-04-30 16:46:16,31.23,52.35,BuildingB_Floor2,TypeC
1011,2025-04-29 18:01:09,15.59,70.55,BuildingB_Floor1,TypeC
1014,2025-05-02 09:24:24,25.01,72.74,BuildingA_Floor1,TypeC
1055,2025-04-30 07:00:19,19.0,77.14,BuildingB_Floor1,TypeA
1008,2025-04-29 21:59:13,18.2,39.34,BuildingA_Floor1,TypeB
1087,2025-04-28 04:38:17,15.28,66.76,BuildingB_Floor2,TypeB
1099,2025-05-02 16:01:59,34.62,41.51,BuildingA_Floor1,TypeC
1012,2025-04-30 04:31:33,29.74,54.4,BuildingA_Floor1,TypeA
1010,2025-04-29 02:40:48,15.61,43.44,BuildingA_Floor2,TypeB
1095,2025-04-28 21:19:56,24.44,40.67,BuildingB_Floor1,TypeA
1062,2025-05-01 19:13:51,31.38,58.75,BuildingA_Floor2,TypeB
1083,2025-05-02 07:28:37,24.01,62.4,BuildingA_Floor2,TypeC
1020,2025-05-02 20:12:30,28.07,38.31,BuildingB_Floor1,TypeA
1063,2025-05-01 04:52:23,16.89,52.48,BuildingA_Floor1,TypeB
1067,2025-05-02 03:32:07,34.59,65.97,BuildingB_Floor1,TypeA
1047,2025-04-28 13:27:45,30.13,47.25,BuildingB_Floor1,TypeC
1082,2025-05-02 17:12:16,26.1,51.37,BuildingB_Floor2,TypeB
1054,2025-05-01 14:48:17,24.02,58.95,BuildingB_Floor1,TypeB
1076,2025-04-30 00:48:05,33.05,45.21,BuildingA_Floor2,TypeB
1067,2025-04-29 14:57:46,23.62,55.29,BuildingA_Floor1,TypeB
1005,2025-05-02 08:19:55,29.19,63.44,BuildingB_Floor1,TypeB
1082,2025-05-01 18:21:40,25.87,32.1,BuildingA_Floor1,TypeA
1075,2025-04-30 03:01:14,24.71,79.24,BuildingA_Floor2,TypeC
1052,2025-04-28 17:38:04,18.38,72.01,BuildingB_Floor1,TypeA
1094,2025-04-28 23:53:19,15.59,48.15,BuildingA_Floor1,TypeA
1054,2025-05-02 12:06:28,24.24,49.14,BuildingB_Floor2,TypeB
1001,2025-05-01 06:38:11,18.73,71.61,BuildingB_Floor1,TypeC
1000,2025-05-01 02:49:46,31.62,76.04,BuildingA_Floor2,TypeA
1047,2025-04-28 02:07:57,21.2,43.25,BuildingA_Floor1,TypeB
1082,2025-04-29 05:20:30,22.17,69.04,BuildingA_Floor2,TypeC
1053,2025-05-02 02:44:26,32.78,48.76,BuildingA_Floor2,TypeC
1036,2025-05-01 05:26:52,31.47,70.09,BuildingA_Floor2,TypeA
1023,2025-04-29 18:46:14,33.75,40.44,BuildingB_Floor2,TypeA
1013,2025-04-29 14:14:40,26.79,48.07,BuildingA_Floor1,TypeC
1017,2025-05-02 00:52:28,18.11,40.57,BuildingA_Floor2,TypeB
1023,2025-04-29 12:42:43,16.31,66.86,BuildingA_Floor1,TypeB
1006,2025-04-28 02:21:12,18.7,63.65,BuildingB_Floor1,TypeB
1007,2025-04-28 16:06:57,25.35,63.64,BuildingA_Floor2,TypeC
1028,2025-05-02 20:36:22,30.97,69.06,BuildingA_Floor1,TypeA
1028,2025-04-30 16:46:48,20.44,62.19,BuildingB_Floor1,TypeB
1099,2025-04-28 14:53:48,16.95,69.79,BuildingB_Floor1,TypeA
1090,2025-05-02 22:12:51,27.86,47.85,BuildingA_Floor1,TypeA
1043,2025-04-30 11:46:45,20.36,69.96,BuildingA_Floor1,TypeC
1039,2025-04-28 01:28:09,29.95,34.17,BuildingA_Floor1,TypeA
1071,2025-04-28 23:37:59,30.32,56.3,BuildingB_Floor2,TypeB
1003,2025-04-30 01:17:00,25.48,62.9,BuildingB_Floor2,TypeB
1062,2025-04-28 01:51:59,25.62,47.23,BuildingA_Floor1,TypeA
1077,2025-04-28 08:54:19,23.38,47.53,BuildingB_Floor2,TypeC
1044,2025-04-28 19:26:45,21.25,71.07,BuildingA_Floor2,TypeC
1003,2025-04-30 03:53:23,17.35,49.54,BuildingB_Floor1,TypeB
1014,2025-04-29 02:06:15,29.22,38.51,BuildingA_Floor1,TypeC
1029,2025-04-28 01:19:57,20.53,35.0,BuildingA_Floor2,TypeC
1069,2025-04-28 18:27:28,24.63,43.0,BuildingA_Floor1,TypeB
1019,2025-05-01 17:41:59,33.41,40.14,BuildingB_Floor1,TypeC
1097,2025-05-01 08:24:28,21.71,75.47,BuildingA_Floor2,TypeB
1073,2025-04-29 13:32:27,23.97,35.76,BuildingA_Floor2,TypeA
1042,2025-04-29 17:19:56,23.6,49.65,BuildingA_Floor1,TypeA
1019,2025-04-29 00:39:48,29.46,39.42,BuildingA_Floor1,TypeB
1001,2025-05-01 19:11:46,23.52,66.31,BuildingA_Floor2,TypeA
1061,2025-04-28 19:45:09,22.33,57.42,BuildingB_Floor1,TypeB
1030,2025-04-30 11:50:46,18.05,62.48,BuildingB_Floor1,TypeB
1046,2025-04-28 05:17:30,30.18,57.76,BuildingB_Floor1,TypeA
1029,2025-05-01 08:07:01,17.02,43.12,BuildingB_Floor1,TypeC
1092,2025-04-30 16:34:58,20.79,52.18,BuildingA_Floor1,TypeB
1011,2025-05-02 13:24:45,20.89,66.52,BuildingB_Floor2,TypeA
1052,2025-04-30 10:03:48,34.93,36.22,BuildingB_Floor1,TypeC
1042,2025-05-02 11:49:53,29.97,36.5,BuildingA_Floor2,TypeB
1002,2025-04-29 05:39:01,32.79,67.91,BuildingB_Floor1,TypeB
1050,2025-05-01 13:03:49,19.27,59.48,BuildingA_Floor1,TypeB
1066,2025-05-01 20:40:27,20.51,45.28,BuildingB_Floor2,TypeB
1030,2025-04-28 16:37:33,31.5,39.86,BuildingB_Floor2,TypeC
1032,2025-04-30 18:49:41,27.22,60.34,BuildingB_Floor2,TypeA
1059,2025-04-30 00:51:09,24.39,44.33,BuildingB_Floor2,TypeB
1013,2025-04-29 14:28:03,28.03,51.96,BuildingA_Floor1,TypeA
1003,2025-04-28 09:19:53,19.2,64.05,BuildingB_Floor2,TypeA
1091,2025-05-01 08:31:07,15.14,79.66,BuildingA_Floor1,TypeA
1060,2025-04-30 04:12:03,27.58,42.56,BuildingA_Floor1,TypeC
1033,2025-04-28 03:18:26,19.02,30.31,BuildingA_Floor1,TypeC
1042,2025-04-28 17:43:21,32.41,53.7,BuildingB_Floor1,TypeB
1067,2025-04-29 23:03:31,17.64,52.36,BuildingA_Floor2,TypeB
1066,2025-04-29 14:15:16,24.0,40.25,BuildingA_Floor1,TypeA
1069,2025-04-28 23:23:59,18.42,76.4,BuildingA_Floor2,TypeB
1042,2025-04-30 23:07:32,29.22,63.37,BuildingB_Floor1,TypeB
1081,2025-04-29 04:17:11,24.43,67.52,BuildingA_Floor2,TypeB
1083,2025-05-02 20:13:35,20.86,41.17,BuildingA_Floor1,TypeA
1095,2025-04-30 00:00:08,15.16,37.44,BuildingA_Floor2,TypeC
1020,2025-04-28 16:27:51,23.52,47.61,BuildingA_Floor1,TypeA
1065,2025-04-30 07:55:20,17.31,72.87,BuildingB_Floor2,TypeB
1070,2025-05-01 00:48:50,32.14,76.8,BuildingA_Floor1,TypeB
1032,2025-04-28 15:05:57,29.79,79.08,BuildingA_Floor2,TypeB
1017,2025-05-02 04:50:53,24.15,30.79,BuildingB_Floor1,TypeC
1022,2025-04-28 22:21:36,33.91,70.29,BuildingA_Floor2,TypeA
1100,2025-04-30 17:01:46,22.11,31.38,BuildingB_Floor2,TypeB
1005,2025-04-29 03:51:04,33.28,62.57,BuildingA_Floor2,TypeA
1079,2025-05-01 17:06:55,15.91,45.64,BuildingB_Floor2,TypeB
1029,2025-04-28 15:26:34,21.22,76.47,BuildingB_Floor1,TypeC
1100,2025-04-30 17:57:52,34.98,55.58,BuildingA_Floor2,TypeA
1044,2025-04-29 22:47:10,25.12,61.73,BuildingA_Floor1,TypeC
1024,2025-05-01 02:59:14,16.14,37.8,BuildingB_Floor1,TypeB
1040,2025-04-29 00:39:57,22.73,70.14,BuildingB_Floor2,TypeC
1094,2025-04-28 06:56:46,15.16,75.43,BuildingA_Floor1,TypeB
1051,2025-05-02 00:56:14,17.31,42.41,BuildingB_Floor1,TypeC
1001,2025-05-01 02:06:01,26.77,67.07,BuildingA_Floor2,TypeC
1006,2025-04-29 22:35:27,30.49,73.48,BuildingA_Floor1,TypeC
1078,2025-04-30 05:19:32,23.18,48.62,BuildingA_Floor1,TypeA
1049,2025-04-28 06:57:55,26.94,48.15,BuildingB_Floor1,TypeB
1095,2025-04-28 20:01:17,25.98,67.53,BuildingB_Floor2,TypeC
1019,2025-04-28 08:08:38,15.27,33.5,BuildingB_Floor2,TypeB
1071,2025-05-02 02:45:57,28.55,56.34,BuildingA_Floor2,TypeC
1072,2025-04-28 13:50:08,17.1,38.62,BuildingB_Floor2,TypeB
1052,2025-05-01 22:23:40,18.62,47.17,BuildingA_Floor2,TypeA
1063,2025-04-30 04:24:30,32.93,35.41,BuildingA_Floor1,TypeA
1028,2025-04-30 04:54:24,23.99,66.21,BuildingB_Floor1,TypeC
1010,2025-04-28 21:02:04,20.82,32.85,BuildingB_Floor1,TypeA
1050,2025-05-02 06:32:37,24.95,40.57,BuildingB_Floor2,TypeA
1033,2025-04-30 19:50:53,25.52,70.76,BuildingA_Floor1,TypeB
1014,2025-04-30 19:20:22,16.83,35.3,BuildingB_Floor2,TypeB
1047,2025-04-29 02:40:40,31.52,55.18,BuildingA_Floor1,TypeB
1029,2025-05-03 00:33:30,19.98,66.61,BuildingA_Floor2,TypeC
1059,2025-04-29 16:29:14,17.08,42.14,BuildingB_Floor1,TypeA
1039,2025-05-01 04:29:44,21.99,36.4,BuildingB_Floor2,TypeB
1089,2025-04-28 19:53:16,18.64,30.31,BuildingA_Floor1,TypeC
1076,2025-05-01 17:58:04,20.25,75.52,BuildingB_Floor2,TypeC
1053,2025-04-28 12:21:34,28.26,68.55,BuildingB_Floor2,TypeC
1039,2025-04-28 06:32:31,30.08,71.03,BuildingB_Floor2,TypeB
1080,2025-05-02 13:32:45,24.1,59.44,BuildingA_Floor1,TypeA
1005,2025-05-01 05:47:55,26.62,68.65,BuildingB_Floor2,TypeC
1054,2025-04-30 20:25:49,16.45,73.22,BuildingB_Floor2,TypeB
1003,2025-05-01 12:09:56,25.81,34.38,BuildingA_Floor2,TypeA
1075,2025-05-01 15:47:27,17.17,52.11,BuildingB_Floor2,TypeC
1014,2025-04-30 19:32:16,23.8,31.45,BuildingB_Floor1,TypeB
1054,2025-05-01 22:11:49,18.04,76.87,BuildingA_Floor1,TypeA
1085,2025-05-01 23:50:31,30.38,51.1,BuildingA_Floor1,TypeA
1041,2025-04-28 04:25:56,27.04,79.46,BuildingB_Floor2,TypeC
1061,2025-05-02 02:42:31,21.58,78.35,BuildingB_Floor1,TypeA
1069,2025-04-29 03:31:54,27.64,52.92,BuildingA_Floor1,TypeC
1079,2025-04-30 06:35:09,24.97,40.8,BuildingB_Floor1,TypeB
1060,2025-04-29 09:57:18,25.17,60.71,BuildingB_Floor1,TypeA
1064,2025-05-01 09:22:48,20.72,51.48,BuildingA_Floor1,TypeC
1072,2025-04-28 13:06:12,31.23,32.63,BuildingA_Floor1,TypeC
1017,2025-04-29 13:36:45,15.12,74.7,BuildingB_Floor2,TypeC
1040,2025-05-02 10:23:43,21.5,39.83,BuildingA_Floor2,TypeA
1040,2025-05-02 15:46:20,16.67,35.45,BuildingA_Floor2,TypeB
1024,2025-04-30 14:04:25,30.17,38.87,BuildingB_Floor1,TypeC
1021,2025-05-01 06:05:58,22.0,59.36,BuildingB_Floor1,TypeA
1047,2025-05-01 03:23:25,20.77,42.84,BuildingB_Floor2,TypeB
1034,2025-05-01 02:57:32,20.02,51.19,BuildingA_Floor2,TypeC
1092,2025-04-29 22:20:01,28.13,41.67,BuildingB_Floor1,TypeA
1037,2025-04-30 22:42:23,16.05,60.49,BuildingB_Floor2,TypeB
1059,2025-04-29 08:50:39,20.88,65.25,BuildingA_Floor2,TypeA
1061,2025-05-01 15:42:42,15.24,30.38,BuildingB_Floor1,TypeA
1019,2025-05-01 11:46:57,24.04,42.64,BuildingB_Floor2,TypeC
1078,2025-04-28 05:36:48,30.36,38.56,BuildingA_Floor2,TypeA
1049,2025-04-29 20:05:13,17.55,38.55,BuildingA_Floor1,TypeA
1040,2025-04-30 06:12:44,27.75,68.7,BuildingB_Floor1,TypeC
1024,2025-04-29 19:26:13,31.22,41.51,BuildingB_Floor1,TypeB
1092,2025-05-01 23:20:41,15.18,73.52,BuildingA_Floor2,TypeA
1079,2025-04-29 14:57:27,30.1,58.17,BuildingB_Floor1,TypeC
1024,2025-04-29 09:01:58,16.42,39.22,BuildingB_Floor1,TypeC
1028,2025-05-03 00:46:00,27.83,52.74,BuildingB_Floor1,TypeA
1060,2025-05-02 02:41:04,21.77,66.65,BuildingA_Floor1,TypeB
1095,2025-04-30 08:30:41,33.76,52.5,BuildingB_Floor2,TypeA
1038,2025-05-02 13:29:16,22.73,79.03,BuildingB_Floor2,TypeB
1047,2025-04-30 07:33:39,21.78,63.89,BuildingB_Floor1,TypeC
1027,2025-04-28 14:57:40,29.52,48.17,BuildingB_Floor1,TypeB
1086,2025-05-02 03:11:05,32.94,48.18,BuildingB_Floor2,TypeC
1024,2025-04-29 09:50:16,22.89,59.94,BuildingA_Floor1,TypeA
1091,2025-04-30 00:18:18,27.41,51.65,BuildingA_Floor1,TypeB
1040,2025-05-02 17:42:42,28.91,58.64,BuildingB_Floor2,TypeA
1056,2025-05-01 13:57:19,24.85,60.69,BuildingB_Floor2,TypeA
1023,2025-04-29 11:58:39,24.81,50.44,BuildingA_Floor2,TypeA
1042,2025-04-28 10:23:55,17.68,69.28,BuildingB_Floor2,TypeB
1031,2025-05-02 17:57:08,16.83,30.73,BuildingA_Floor2,TypeA
1009,2025-04-28 23:47:31,24.25,40.77,BuildingA_Floor2,TypeC
1086,2025-04-28 06:07:11,29.77,61.02,BuildingB_Floor2,TypeB
1091,2025-05-03 00:49:42,16.46,31.09,BuildingA_Floor2,TypeC
1009,2025-04-29 14:29:14,32.58,39.48,BuildingA_Floor1,TypeC
1040,2025-04-28 03:03:41,25.45,51.03,BuildingA_Floor2,TypeC
1079,2025-05-02 23:33:16,19.48,44.74,BuildingB_Floor1,TypeB
1085,2025-04-29 12:22:04,28.94,50.48,BuildingA_Floor2,TypeB
1048,2025-04-30 17:41:25,17.26,45.29,BuildingB_Floor1,TypeB
1011,2025-04-28 23:54:23,27.66,47.67,BuildingB_Floor2,TypeC
1092,2025-05-01 01:24:48,17.37,57.64,BuildingB_Floor2,TypeB
1014,2025-05-02 10:32:48,23.8,48.61,BuildingA_Floor1,TypeB
1039,2025-05-01 03:02:24,22.95,65.4,BuildingB_Floor1,TypeA
1023,2025-05-01 13:26:20,22.24,58.35,BuildingB_Floor1,TypeC
1046,2025-04-28 05:15:59,31.36,46.72,BuildingB_Floor2,TypeA
1054,2025-04-30 05:25:27,31.1,75.66,BuildingB_Floor1,TypeA
1056,2025-04-30 17:06:12,17.36,73.87,BuildingB_Floor2,TypeA
1086,2025-05-01 21:19:49,17.8,68.39,BuildingA_Floor2,TypeB
1057,2025-05-01 11:52:42,16.66,65.38,BuildingB_Floor1,TypeB
1074,2025-05-02 05:38:38,23.74,39.47,BuildingA_Floor2,TypeC
1036,2025-05-02 22:00:40,33.32,43.95,BuildingB_Floor1,TypeB
1049,2025-05-01 11:43:31,26.35,32.62,BuildingA_Floor1,TypeC
1058,2025-05-01 23:27:04,28.14,34.7,BuildingA_Floor1,TypeA
1057,2025-04-29 09:27:30,21.23,70.93,BuildingB_Floor1,TypeA
1030,2025-04-29 04:19:28,28.79,45.19,BuildingB_Floor1,TypeB
1036,2025-05-01 17:15:05,19.51,50.35,BuildingB_Floor2,TypeA
1014,2025-05-01 01:14:06,27.14,70.13,BuildingA_Floor2,TypeA
1034,2025-04-29 11:58:33,15.81,64.23,BuildingA_Floor1,TypeB
1030,2025-04-30 22:00:58,17.38,67.41,BuildingA_Floor1,TypeC
1090,2025-05-02 09:28:40,26.44,38.97,BuildingB_Floor2,TypeB
1031,2025-05-02 15:12:07,18.5,63.52,BuildingB_Floor2,TypeC
1072,2025-04-28 07:59:21,20.29,40.39,BuildingB_Floor1,TypeC
1090,2025-05-02 16:42:14,21.97,61.82,BuildingB_Floor2,TypeA
1082,2025-05-01 01:13:56,22.01,52.02,BuildingA_Floor1,TypeA
1022,2025-05-01 17:16:52,29.78,47.28,BuildingA_Floor2,TypeA
1043,2025-04-30 09:40:12,20.27,57.96,BuildingA_Floor1,TypeA
1073,2025-04-30 23:41:44,34.58,34.39,BuildingB_Floor2,TypeA
1100,2025-04-30 16:38:24,22.69,46.93,BuildingB_Floor1,TypeA
1070,2025-04-29 15:23:52,33.84,37.25,BuildingB_Floor1,TypeB
1030,2025-05-01 18:30:50,18.73,57.43,BuildingA_Floor2,TypeC
1033,2025-04-30 10:03:45,15.54,79.37,BuildingB_Floor1,TypeA
1070,2025-05-02 12:17:57,28.6,77.51,BuildingB_Floor1,TypeA
1043,2025-05-02 09:35:12,31.33,44.14,BuildingA_Floor2,TypeC
1074,2025-05-01 22:37:58,17.35,78.14,BuildingB_Floor2,TypeA
1070,2025-04-29 12:19:00,29.03,50.28,BuildingB_Floor1,TypeA
1006,2025-05-02 10:16:53,19.99,45.45,BuildingA_Floor2,TypeA
1040,2025-04-28 09:12:08,23.07,69.13,BuildingB_Floor1,TypeC
1046,2025-05-02 04:48:19,21.46,54.14,BuildingA_Floor2,TypeA
1064,2025-05-02 03:38:16,30.69,35.94,BuildingA_Floor1,TypeC
1001,2025-04-30 03:44:52,18.84,37.92,BuildingA_Floor1,TypeB
1071,2025-04-29 09:19:49,26.04,32.87,BuildingB_Floor1,TypeC
1017,2025-04-29 02:15:16,27.2,56.54,BuildingA_Floor2,TypeC
1044,2025-04-30 23:35:13,21.88,32.57,BuildingA_Floor1,TypeB
1078,2025-04-28 09:59:03,16.51,76.07,BuildingB_Floor2,TypeA
1084,2025-04-28 04:15:01,18.98,37.83,BuildingA_Floor1,TypeB
1052,2025-04-28 09:11:06,27.99,41.96,BuildingA_Floor1,TypeB
1007,2025-04-30 04:48:21,30.36,52.93,BuildingA_Floor2,TypeA
1063,2025-04-29 09:14:17,17.36,46.56,BuildingB_Floor1,TypeA
1031,2025-04-30 05:18:23,24.0,47.82,BuildingB_Floor2,TypeA
1007,2025-05-02 11:31:06,19.42,78.07,BuildingB_Floor2,TypeA
1073,2025-04-30 16:39:00,16.48,61.73,BuildingB_Floor2,TypeC
1033,2025-04-30 16:16:14,31.28,64.24,BuildingB_Floor1,TypeC
1061,2025-04-28 14:54:45,22.57,30.81,BuildingB_Floor1,TypeB
1011,2025-04-30 09:57:04,17.86,44.49,BuildingB_Floor2,TypeA
1080,2025-05-01 01:36:21,30.53,37.9,BuildingA_Floor1,TypeA
1032,2025-05-01 15:16:27,32.32,77.95,BuildingA_Floor2,TypeB
1027,2025-04-28 21:48:43,23.53,62.68,BuildingB_Floor2,TypeB
1049,2025-05-02 23:56:22,24.67,57.09,BuildingB_Floor1,TypeC
1033,2025-05-01 08:13:33,22.31,79.36,BuildingA_Floor2,TypeB
1035,2025-05-02 15:33:33,20.77,54.55,BuildingA_Floor1,TypeC
1007,2025-04-29 21:12:32,30.51,62.07,BuildingA_Floor2,TypeA
1086,2025-04-29 19:56:52,24.85,35.31,BuildingA_Floor2,TypeC
1058,2025-04-30 18:01:05,34.68,32.42,BuildingA_Floor1,TypeA
1057,2025-05-02 00:12:02,23.45,53.0,BuildingB_Floor1,TypeB
1016,2025-04-29 20:14:49,21.04,39.6,BuildingA_Floor1,TypeC
1036,2025-04-28 13:19:15,17.81,38.8,BuildingB_Floor2,TypeC
1066,2025-05-01 20:17:30,27.67,72.76,BuildingA_Floor2,TypeA
1057,2025-04-30 07:19:58,31.79,58.69,BuildingA_Floor2,TypeC
1022,2025-04-28 12:41:51,22.38,36.33,BuildingA_Floor1,TypeB
1022,2025-04-30 02:34:10,22.91,79.85,BuildingB_Floor1,TypeC
1039,2025-05-01 23:43:08,17.26,74.78,BuildingB_Floor2,TypeC
1087,2025-04-29 01:48:12,17.01,59.62,BuildingA_Floor1,TypeC
1066,2025-05-02 11:39:11,27.02,35.9,BuildingA_Floor2,TypeC
1034,2025-04-30 02:46:18,17.35,49.8,BuildingB_Floor1,TypeA
1029,2025-04-28 01:36:54,29.83,71.29,BuildingB_Floor1,TypeA
1011,2025-04-29 16:46:56,17.98,58.66,BuildingA_Floor2,TypeC
1055,2025-05-01 00:24:25,29.57,76.44,BuildingA_Floor1,TypeC
1010,2025-05-02 02:03:01,33.51,71.37,BuildingB_Floor1,TypeA
1086,2025-05-01 13:23:06,34.38,62.07,BuildingA_Floor1,TypeC
1020,2025-05-01 08:48:57,26.8,41.7,BuildingA_Floor2,TypeB
1018,2025-05-02 22:15:45,27.6,51.29,BuildingB_Floor1,TypeB
1027,2025-04-30 21:14:17,28.08,63.15,BuildingA_Floor1,TypeA
1049,2025-05-02 21:27:09,24.84,46.74,BuildingB_Floor2,TypeB
1008,2025-04-30 03:59:10,33.52,74.89,BuildingA_Floor2,TypeA
1087,2025-04-29 16:24:25,17.1,78.28,BuildingA_Floor1,TypeC
1054,2025-04-28 12:48:23,34.97,38.23,BuildingB_Floor1,TypeA
1046,2025-04-29 09:46:15,21.04,57.13,BuildingA_Floor1,TypeB
1086,2025-05-01 01:00:03,17.37,40.3,BuildingA_Floor2,TypeA
1087,2025-04-30 13:07:33,31.21,36.34,BuildingB_Floor1,TypeC
1004,2025-05-01 04:34:08,21.49,66.55,BuildingB_Floor1,TypeB
1074,2025-04-30 21:07:28,15.33,75.71,BuildingB_Floor1,TypeA
1075,2025-05-02 15:34:27,18.23,41.56,BuildingA_Floor1,TypeC
1063,2025-04-29 18:33:21,17.44,38.33,BuildingA_Floor1,TypeC
1050,2025-04-29 16:38:39,23.34,46.27,BuildingA_Floor2,TypeC
1017,2025-04-29 16:06:52,32.66,56.82,BuildingA_Floor1,TypeC
1000,2025-05-02 21:40:35,34.33,38.78,BuildingB_Floor1,TypeA
1050,2025-05-02 05:50:12,16.13,64.91,BuildingA_Floor2,TypeA
1031,2025-04-28 05:57:53,25.75,51.77,BuildingB_Floor2,TypeB
1088,2025-05-02 03:36:13,21.67,53.28,BuildingB_Floor1,TypeA
1086,2025-04-28 17:40:36,30.39,69.91,BuildingA_Floor2,TypeC
1068,2025-04-30 22:23:30,22.95,71.02,BuildingA_Floor2,TypeC
1050,2025-04-30 18:24:21,23.78,38.54,BuildingB_Floor1,TypeA
1063,2025-05-01 19:03:24,27.81,71.22,BuildingB_Floor2,TypeC
1074,2025-05-02 22:40:10,34.83,34.23,BuildingA_Floor1,TypeA
1060,2025-04-30 01:46:02,34.68,43.24,BuildingB_Floor2,TypeC
1066,2025-05-02 19:13:37,34.29,70.94,BuildingB_Floor2,TypeA
1013,2025-04-30 07:29:26,18.76,57.96,BuildingA_Floor1,TypeB
1023,2025-04-29 05:44:41,31.16,37.95,BuildingA_Floor1,TypeB
1052,2025-04-28 08:51:03,27.11,69.19,BuildingB_Floor2,TypeC
1089,2025-05-01 04:24:42,33.19,53.54,BuildingA_Floor2,TypeA
1096,2025-04-30 17:01:32,23.68,52.07,BuildingA_Floor2,TypeA
1072,2025-04-28 06:57:51,25.53,48.94,BuildingB_Floor2,TypeB
1093,2025-04-30 09:37:03,32.32,53.92,BuildingB_Floor2,TypeC
1011,2025-05-02 15:10:41,19.37,59.08,BuildingA_Floor1,TypeC
1011,2025-05-01 05:46:41,28.63,56.59,BuildingA_Floor2,TypeC
1054,2025-05-01 19:56:37,15.77,32.15,BuildingB_Floor1,TypeB
1053,2025-04-29 01:30:53,17.96,32.06,BuildingB_Floor1,TypeB
1023,2025-04-29 21:58:26,25.63,40.62,BuildingB_Floor2,TypeC
1091,2025-05-01 19:02:25,15.41,30.52,BuildingA_Floor2,TypeA
1018,2025-05-02 21:39:55,32.94,61.4,BuildingA_Floor1,TypeA
1020,2025-05-01 11:32:05,27.2,48.13,BuildingA_Floor1,TypeC
1041,2025-04-29 02:34:18,33.67,35.56,BuildingA_Floor2,TypeB
1058,2025-05-01 23:24:36,26.48,52.95,BuildingB_Floor1,TypeC
1067,2025-04-28 19:47:48,19.69,46.86,BuildingB_Floor1,TypeB
1084,2025-04-29 16:07:11,27.88,63.43,BuildingB_Floor1,TypeB
1042,2025-04-29 19:25:30,19.08,51.68,BuildingB_Floor1,TypeA
1064,2025-05-01 02:45:24,17.48,42.06,BuildingA_Floor1,TypeC
1039,2025-04-28 10:12:16,22.38,53.11,BuildingA_Floor1,TypeB
1097,2025-05-02 04:17:33,33.64,73.91,BuildingA_Floor1,TypeB
1099,2025-05-02 23:51:43,24.04,57.32,BuildingA_Floor2,TypeA
1055,2025-04-28 03:36:10,28.24,73.62,BuildingA_Floor1,TypeA
1013,2025-04-28 07:55:20,30.79,77.39,BuildingA_Floor1,TypeA
1023,2025-04-30 07:03:09,32.23,75.75,BuildingB_Floor2,TypeB
1062,2025-05-01 20:59:33,26.65,30.59,BuildingA_Floor1,TypeB
1033,2025-04-30 03:08:21,20.1,56.89,BuildingB_Floor2,TypeC
1093,2025-05-02 16:59:36,21.61,59.09,BuildingB_Floor1,TypeC
1072,2025-04-29 06:20:00,15.75,71.58,BuildingB_Floor2,TypeB
1041,2025-04-28 06:59:46,34.6,56.24,BuildingB_Floor2,TypeC
1008,2025-04-30 04:59:53,20.88,60.48,BuildingA_Floor2,TypeA
1065,2025-05-01 00:22:05,26.19,63.72,BuildingB_Floor2,TypeC
1007,2025-05-01 18:09:50,32.42,56.29,BuildingA_Floor2,TypeA
1020,2025-04-29 19:38:34,28.66,79.76,BuildingA_Floor1,TypeC
1055,2025-04-30 05:55:48,22.0,61.14,BuildingA_Floor1,TypeC
1082,2025-04-29 11:22:32,16.98,45.1,BuildingB_Floor2,TypeB
1053,2025-05-01 22:56:37,31.61,79.79,BuildingB_Floor2,TypeB
1038,2025-04-28 13:16:00,17.71,57.93,BuildingA_Floor2,TypeC
1041,2025-04-28 15:12:40,26.52,63.76,BuildingA_Floor2,TypeB
1088,2025-04-28 02:50:57,25.13,52.52,BuildingB_Floor1,TypeB
1089,2025-05-01 05:27:18,19.42,71.26,BuildingB_Floor1,TypeC
1099,2025-05-01 17:21:26,31.68,48.99,BuildingA_Floor1,TypeB
1092,2025-05-01 17:15:04,17.76,71.79,BuildingB_Floor1,TypeC
1041,2025-04-29 17:45:06,29.08,71.53,BuildingA_Floor2,TypeA
1068,2025-04-28 12:19:05,34.26,74.27,BuildingA_Floor2,TypeA
1064,2025-05-02 12:49:14,18.13,77.16,BuildingA_Floor1,TypeC
1009,2025-05-01 17:26:30,18.67,73.34,BuildingA_Floor2,TypeA
1018,2025-04-29 20:46:38,21.77,61.66,BuildingB_Floor1,TypeB
1044,2025-05-01 02:20:55,15.78,55.53,BuildingA_Floor1,TypeB
1001,2025-04-28 01:29:27,26.59,59.63,BuildingB_Floor2,TypeB
1049,2025-04-29 22:20:37,29.75,48.22,BuildingA_Floor1,TypeB
1075,2025-05-01 17:38:22,34.1,47.89,BuildingA_Floor1,TypeA
1094,2025-04-29 01:54:42,26.57,50.24,BuildingB_Floor2,TypeC
1077,2025-05-02 06:32:43,17.94,38.22,BuildingB_Floor2,TypeC
1009,2025-05-01 20:04:39,21.78,39.78,BuildingA_Floor1,TypeC
1090,2025-05-02 07:33:42,22.18,42.53,BuildingA_Floor1,TypeC
1025,2025-05-01 09:49:32,17.15,47.79,BuildingB_Floor2,TypeC
1005,2025-04-28 11:24:26,24.69,62.16,BuildingA_Floor2,TypeB
1034,2025-04-29 19:06:22,25.45,77.46,BuildingB_Floor2,TypeC
1028,2025-04-30 16:48:20,30.76,39.3,BuildingB_Floor1,TypeB
1031,2025-04-28 20:57:20,24.87,57.49,BuildingB_Floor2,TypeC
1002,2025-04-29 14:34:02,26.03,66.18,BuildingA_Floor2,TypeB
1038,2025-05-02 13:36:25,26.48,64.78,BuildingA_Floor2,TypeA
1085,2025-04-30 08:27:13,27.41,49.03,BuildingB_Floor2,TypeB
1061,2025-04-30 15:28:10,21.01,72.21,BuildingB_Floor2,TypeC
1076,2025-05-02 20:47:19,27.3,49.79,BuildingA_Floor1,TypeC
1081,2025-04-29 14:02:59,16.1,35.36,BuildingA_Floor2,TypeB
1090,2025-05-01 03:49:07,28.73,39.05,BuildingB_Floor2,TypeB
1028,2025-05-02 16:49:43,32.17,43.43,BuildingA_Floor1,TypeA
1032,2025-05-02 15:09:50,17.6,73.44,BuildingB_Floor2,TypeB
1034,2025-04-28 06:19:03,25.7,76.68,BuildingB_Floor1,TypeC
1020,2025-05-01 11:15:02,33.15,74.16,BuildingB_Floor2,TypeC
1058,2025-04-30 20:09:03,29.73,65.81,BuildingB_Floor1,TypeB
1082,2025-04-29 15:53:10,34.2,78.18,BuildingA_Floor1,TypeB
1086,2025-05-01 04:52:45,26.21,62.83,BuildingA_Floor1,TypeC
1006,2025-04-30 03:23:09,21.6,31.17,BuildingA_Floor1,TypeA
1046,2025-04-28 02:17:21,24.24,58.29,BuildingA_Floor1,TypeB
1046,2025-05-02 12:47:38,26.95,40.24,BuildingA_Floor1,TypeA
1087,2025-04-28 23:40:35,34.36,65.42,BuildingA_Floor2,TypeB
1009,2025-04-28 11:50:40,21.06,40.6,BuildingA_Floor2,TypeA
1057,2025-04-30 11:13:07,30.35,65.33,BuildingA_Floor2,TypeB
1021,2025-05-01 07:54:09,29.55,66.03,BuildingA_Floor1,TypeB
1048,2025-04-29 10:45:35,30.01,46.5,BuildingB_Floor1,TypeA
1032,2025-04-29 12:02:52,26.07,43.02,BuildingB_Floor2,TypeB
1095,2025-04-28 09:55:01,22.1,56.13,BuildingA_Floor2,TypeB
1070,2025-05-02 17:15:39,33.95,46.95,BuildingB_Floor2,TypeB
1019,2025-04-28 01:40:42,25.69,59.58,BuildingA_Floor1,TypeA
1018,2025-04-29 17:29:37,16.69,34.63,BuildingB_Floor2,TypeC
1033,2025-05-01 08:22:47,28.71,39.24,BuildingB_Floor2,TypeB
1041,2025-05-02 05:00:31,17.77,51.47,BuildingB_Floor2,TypeB
1007,2025-05-02 08:49:24,25.8,34.27,BuildingB_Floor2,TypeA
1021,2025-05-02 12:25:28,33.4,70.07,BuildingB_Floor1,TypeA
1095,2025-04-28 18:47:10,21.01,48.36,BuildingB_Floor1,TypeB
1096,2025-04-30 14:18:42,20.84,37.79,BuildingA_Floor2,TypeB
1047,2025-05-02 12:14:08,32.06,49.05,BuildingB_Floor2,TypeA
1053,2025-05-02 11:20:51,19.74,45.65,BuildingA_Floor2,TypeB
1045,2025-04-30 08:12:49,23.5,72.59,BuildingB_Floor1,TypeB
1097,2025-05-01 08:34:05,31.04,33.83,BuildingB_Floor1,TypeA
1050,2025-05-01 19:54:14,15.38,74.73,BuildingB_Floor2,TypeA
1007,2025-04-28 13:10:54,24.74,62.96,BuildingA_Floor1,TypeC
1038,2025-04-30 11:23:55,23.46,68.4,BuildingA_Floor2,TypeB
1078,2025-05-01 03:28:11,17.16,46.1,BuildingA_Floor2,TypeC
1088,2025-04-30 14:23:58,29.33,42.82,BuildingB_Floor2,TypeB
1052,2025-04-30 03:55:35,15.62,35.02,BuildingA_Floor1,TypeA
1057,2025-04-28 09:12:21,23.28,31.7,BuildingA_Floor2,TypeA
1062,2025-05-01 08:41:25,16.95,78.15,BuildingA_Floor2,TypeC
1012,2025-05-02 08:03:10,22.18,67.16,BuildingA_Floor1,TypeA
1064,2025-05-01 15:28:20,33.33,53.18,BuildingB_Floor1,TypeA
1044,2025-05-01 06:43:37,16.12,63.1,BuildingA_Floor2,TypeA
1017,2025-04-28 04:05:19,15.58,31.04,BuildingA_Floor1,TypeA
1066,2025-04-29 19:29:21,15.82,49.92,BuildingB_Floor1,TypeA
1076,2025-04-30 08:52:23,17.54,33.66,BuildingB_Floor1,TypeA
1097,2025-04-29 15:22:29,18.35,45.46,BuildingB_Floor2,TypeA
1086,2025-04-30 03:14:33,34.28,63.73,BuildingA_Floor2,TypeB
1075,2025-04-30 07:29:03,17.96,75.29,BuildingB_Floor2,TypeB
1037,2025-04-29 05:37:47,28.68,64.54,BuildingB_Floor2,TypeC
1043,2025-05-02 15:25:09,20.44,36.85,BuildingA_Floor1,TypeB
1064,2025-04-28 13:23:31,20.25,62.99,BuildingB_Floor2,TypeB
1003,2025-05-01 05:08:00,16.66,74.97,BuildingA_Floor1,TypeC
1057,2025-04-30 07:42:56,16.21,78.68,BuildingB_Floor1,TypeA
1060,2025-05-01 13:01:27,31.18,70.17,BuildingA_Floor2,TypeA
1100,2025-05-01 15:57:44,30.81,71.24,BuildingB_Floor1,TypeA
1035,2025-04-28 02:40:14,34.63,39.8,BuildingB_Floor1,TypeC
1038,2025-04-29 01:38:15,25.06,54.86,BuildingB_Floor2,TypeA
1048,2025-05-02 04:18:46,26.56,31.88,BuildingA_Floor2,TypeB
1010,2025-04-29 15:28:05,18.81,63.62,BuildingA_Floor1,TypeA
1036,2025-05-01 00:27:11,32.08,44.88,BuildingA_Floor1,TypeB
1024,2025-04-28 23:16:21,32.15,66.58,BuildingA_Floor2,TypeA
1099,2025-04-28 03:19:13,24.5,61.78,BuildingA_Floor1,TypeB
1030,2025-04-30 00:41:09,31.57,42.94,BuildingA_Floor2,TypeA
1062,2025-05-02 02:01:28,26.08,71.93,BuildingA_Floor1,TypeB
1091,2025-05-01 05:26:04,34.95,63.3,BuildingA_Floor2,TypeC
1019,2025-05-01 11:10:06,22.63,60.24,BuildingA_Floor2,TypeC
1051,2025-05-01 13:43:06,24.98,53.1,BuildingB_Floor2,TypeA
1043,2025-04-28 12:32:49,19.44,31.64,BuildingA_Floor2,TypeA
1058,2025-04-29 01:48:24,29.69,52.13,BuildingB_Floor2,TypeB
1057,2025-04-29 04:13:53,34.46,62.29,BuildingB_Floor1,TypeC
1072,2025-04-28 12:59:31,18.59,37.17,BuildingB_Floor1,TypeB
1037,2025-05-02 04:01:33,17.32,43.92,BuildingA_Floor2,TypeB
1023,2025-05-02 11:07:25,23.77,43.9,BuildingB_Floor1,TypeA
1036,2025-04-29 14:07:04,20.95,66.52,BuildingA_Floor2,TypeB
1031,2025-05-01 09:08:56,16.57,32.27,BuildingA_Floor2,TypeA
1022,2025-04-29 18:47:07,23.74,42.93,BuildingA_Floor1,TypeC
1041,2025-04-28 23:31:17,17.02,57.35,BuildingB_Floor1,TypeC
1070,2025-05-01 23:02:07,27.3,67.28,BuildingB_Floor1,TypeB
1087,2025-04-28 22:33:21,30.94,45.7,BuildingA_Floor1,TypeC
1090,2025-04-28 06:40:24,22.9,65.97,BuildingB_Floor2,TypeC
1081,2025-04-28 04:05:56,34.07,33.87,BuildingB_Floor1,TypeC
1078,2025-05-01 10:22:49,30.44,49.97,BuildingA_Floor1,TypeA
1051,2025-04-30 23:11:56,30.04,36.87,BuildingA_Floor2,TypeA
1045,2025-04-29 23:08:00,16.65,62.92,BuildingA_Floor1,TypeA
1085,2025-05-02 01:28:23,18.75,43.56,BuildingA_Floor2,TypeC
1084,2025-04-28 16:40:32,16.43,59.24,BuildingB_Floor2,TypeB
1025,2025-05-02 12:44:46,33.68,40.45,BuildingB_Floor2,TypeA
1002,2025-05-01 20:34:48,27.59,56.33,BuildingA_Floor2,TypeC
1069,2025-04-30 08:59:37,15.57,65.16,BuildingA_Floor2,TypeC
1088,2025-05-01 14:58:36,19.83,43.56,BuildingA_Floor1,TypeC
1056,2025-05-01 10:22:20,17.39,54.71,BuildingA_Floor1,TypeB
1071,2025-05-01 20:25:57,18.88,48.94,BuildingA_Floor1,TypeB
1052,2025-05-01 07:23:47,28.66,54.67,BuildingA_Floor1,TypeA
1092,2025-04-30 12:08:11,20.57,37.69,BuildingB_Floor2,TypeB
1007,2025-04-29 02:53:58,31.16,46.1,BuildingA_Floor2,TypeA
1057,2025-04-29 15:33:46,27.97,79.44,BuildingA_Floor2,TypeC
1022,2025-04-28 19:32:42,27.23,32.18,BuildingA_Floor2,TypeC
1041,2025-05-02 02:15:13,29.07,61.27,BuildingA_Floor1,TypeB
1023,2025-05-02 15:09:55,19.82,59.59,BuildingB_Floor1,TypeB
1055,2025-04-28 06:12:36,16.87,40.96,BuildingB_Floor1,TypeB
1042,2025-04-28 22:11:31,24.72,46.27,BuildingA_Floor2,TypeC
1022,2025-05-02 14:32:48,20.44,39.29,BuildingA_Floor1,TypeB
1081,2025-05-01 10:06:32,28.37,51.49,BuildingB_Floor1,TypeC
1089,2025-05-01 17:37:06,17.41,42.45,BuildingA_Floor2,TypeC
1075,2025-05-01 06:12:56,33.03,63.84,BuildingB_Floor1,TypeB
1032,2025-04-30 13:24:07,19.2,45.7,BuildingA_Floor2,TypeA
1014,2025-04-29 07:33:15,27.62,74.48,BuildingA_Floor1,TypeC
1065,2025-04-29 08:26:51,27.66,52.34,BuildingB_Floor2,TypeA
1013,2025-04-29 08:27:30,34.54,34.15,BuildingA_Floor1,TypeA
1050,2025-04-28 05:46:16,23.12,42.17,BuildingA_Floor1,TypeA
1014,2025-04-30 21:01:45,17.58,43.43,BuildingB_Floor2,TypeB
1002,2025-04-28 20:07:31,21.98,72.54,BuildingA_Floor1,TypeC
1061,2025-05-02 04:32:29,22.4,63.09,BuildingA_Floor2,TypeC
1070,2025-04-29 19:23:15,26.27,46.39,BuildingB_Floor2,TypeB
1040,2025-05-02 05:15:43,23.45,34.42,BuildingB_Floor2,TypeB
1076,2025-05-02 02:09:28,25.45,69.67,BuildingB_Floor2,TypeB
1011,2025-04-30 04:16:24,20.04,65.05,BuildingA_Floor1,TypeC
1038,2025-04-29 08:11:38,25.06,58.92,BuildingB_Floor2,TypeB
1007,2025-04-28 15:47:40,34.24,49.77,BuildingA_Floor1,TypeA
1003,2025-04-28 21:32:07,17.58,36.44,BuildingB_Floor1,TypeC
1056,2025-05-02 07:35:57,19.51,49.19,BuildingA_Floor1,TypeB
1084,2025-04-29 06:38:53,28.68,34.1,BuildingB_Floor1,TypeA
1099,2025-05-01 22:15:40,25.79,64.95,BuildingB_Floor1,TypeA
1085,2025-05-02 08:37:59,19.7,52.37,BuildingA_Floor2,TypeA
1075,2025-04-29 01:25:38,22.85,50.15,BuildingB_Floor2,TypeB
1014,2025-05-02 21:25:13,21.82,49.7,BuildingB_Floor2,TypeB
1043,2025-05-02 04:26:02,31.05,39.37,BuildingA_Floor1,TypeA
1036,2025-04-29 00:17:17,15.62,72.55,BuildingB_Floor2,TypeA
1089,2025-05-02 22:34:24,15.28,66.65,BuildingA_Floor2,TypeB
1090,2025-05-01 00:44:42,34.8,33.11,BuildingA_Floor1,TypeC
1048,2025-05-02 13:53:56,32.42,32.0,BuildingA_Floor1,TypeB
1022,2025-05-01 08:41:04,30.61,35.56,BuildingB_Floor2,TypeC
1059,2025-04-30 15:32:26,26.29,46.38,BuildingB_Floor1,TypeB
1053,2025-04-28 04:59:21,31.31,70.81,BuildingB_Floor1,TypeC
1022,2025-04-29 20:28:55,23.97,57.38,BuildingA_Floor1,TypeA
1014,2025-05-01 07:51:59,21.45,34.31,BuildingB_Floor2,TypeA
1010,2025-05-01 22:08:42,22.57,63.85,BuildingB_Floor2,TypeB
1022,2025-05-01 19:43:44,19.24,37.4,BuildingA_Floor2,TypeA
1075,2025-04-30 12:16:16,34.42,35.34,BuildingB_Floor2,TypeA
1035,2025-04-30 07:03:04,18.81,34.92,BuildingA_Floor1,TypeC
1080,2025-05-03 00:09:48,18.9,39.17,BuildingA_Floor1,TypeC
1030,2025-04-28 13:02:21,27.13,68.93,BuildingA_Floor1,TypeC
1077,2025-04-30 12:39:28,30.02,64.76,BuildingA_Floor1,TypeA
1082,2025-04-28 17:08:24,22.31,66.25,BuildingB_Floor1,TypeA
1084,2025-05-01 07:58:02,34.21,56.37,BuildingB_Floor1,TypeC
1032,2025-04-30 01:09:17,22.44,54.59,BuildingA_Floor2,TypeC
1044,2025-04-29 18:35:58,17.67,44.02,BuildingA_Floor1,TypeA
1079,2025-04-29 17:33:34,27.84,54.65,BuildingA_Floor2,TypeA
1080,2025-05-02 15:31:58,28.55,62.75,BuildingA_Floor1,TypeC
1071,2025-04-28 22:50:36,31.97,45.55,BuildingB_Floor2,TypeB
1021,2025-05-01 01:23:44,19.6,66.9,BuildingA_Floor1,TypeB
1065,2025-04-30 07:21:46,17.43,68.77,BuildingA_Floor2,TypeB
1019,2025-04-28 10:41:30,18.55,69.22,BuildingA_Floor1,TypeC
1002,2025-04-29 21:03:38,34.16,59.25,BuildingA_Floor2,TypeB
1096,2025-04-30 13:24:08,28.85,73.18,BuildingA_Floor2,TypeC
1052,2025-04-28 19:52:43,21.48,65.83,BuildingA_Floor2,TypeC
1077,2025-04-28 13:51:07,17.92,68.36,BuildingB_Floor2,TypeA
1071,2025-05-02 17:15:40,31.59,73.32,BuildingB_Floor2,TypeB
1019,2025-05-01 18:00:59,25.39,39.25,BuildingA_Floor2,TypeC
1043,2025-04-30 00:11:19,17.57,53.23,BuildingB_Floor2,TypeB
1083,2025-04-28 16:03:33,15.64,33.77,BuildingB_Floor1,TypeC
1021,2025-04-30 10:13:54,27.44,76.96,BuildingA_Floor1,TypeC
1076,2025-04-29 18:46:27,24.77,66.56,BuildingB_Floor1,TypeA
1082,2025-04-28 10:37:07,18.67,71.07,BuildingA_Floor2,TypeA
1018,2025-05-01 12:34:10,26.38,74.98,BuildingA_Floor1,TypeC
1064,2025-05-02 22:19:27,27.64,44.8,BuildingB_Floor1,TypeB
1036,2025-04-29 18:04:24,16.04,61.3,BuildingB_Floor2,TypeB
1032,2025-04-28 16:24:30,29.24,36.79,BuildingB_Floor1,TypeA
1009,2025-05-02 22:53:06,15.45,49.6,BuildingB_Floor1,TypeC
1068,2025-04-28 06:59:03,33.8,77.99,BuildingB_Floor2,TypeC
1085,2025-05-02 02:02:14,19.11,46.05,BuildingB_Floor2,TypeC
1028,2025-04-28 06:29:30,30.97,34.81,BuildingB_Floor1,TypeA
1069,2025-04-28 06:58:01,27.7,71.64,BuildingA_Floor1,TypeB
1051,2025-04-28 04:17:24,20.65,34.03,BuildingB_Floor1,TypeA
1004,2025-05-02 08:05:18,28.69,37.23,BuildingA_Floor1,TypeC
1003,2025-05-01 10:22:53,24.64,53.29,BuildingB_Floor1,TypeB
1035,2025-04-30 01:17:41,30.69,47.53,BuildingB_Floor1,TypeA
1017,2025-04-30 14:18:05,17.21,62.9,BuildingB_Floor2,TypeB
1051,2025-04-29 06:14:59,25.77,50.99,BuildingA_Floor1,TypeA
1029,2025-05-02 01:59:46,15.48,44.11,BuildingB_Floor2,TypeA
1062,2025-05-01 01:52:26,24.21,34.55,BuildingA_Floor2,TypeC
1002,2025-04-30 05:41:39,32.95,39.78,BuildingA_Floor2,TypeB
1059,2025-04-29 09:51:00,34.87,73.22,BuildingA_Floor2,TypeB
1009,2025-05-02 04:29:52,29.94,61.5,BuildingA_Floor2,TypeC
1003,2025-04-29 19:46:14,21.52,65.72,BuildingB_Floor1,TypeB
1044,2025-04-30 23:28:58,26.42,37.42,BuildingA_Floor2,TypeA
1098,2025-04-29 10:56:56,29.89,68.01,BuildingA_Floor1,TypeA
1023,2025-05-02 00:08:23,26.52,40.83,BuildingB_Floor2,TypeC
1071,2025-04-30 14:16:51,16.72,73.93,BuildingA_Floor1,TypeC
1042,2025-04-28 10:01:47,18.03,53.72,BuildingB_Floor2,TypeA
1096,2025-04-28 22:18:07,24.77,72.65,BuildingA_Floor1,TypeA
1076,2025-04-30 08:22:47,22.03,53.35,BuildingA_Floor1,TypeB
1046,2025-04-29 09:20:24,27.47,35.5,BuildingB_Floor1,TypeA
1063,2025-04-29 23:50:01,22.4,52.93,BuildingA_Floor2,TypeC
1034,2025-04-29 18:49:59,15.56,64.83,BuildingA_Floor1,TypeA
1042,2025-04-28 02:14:06,16.92,52.73,BuildingA_Floor1,TypeB
1039,2025-05-01 20:52:01,20.85,76.72,BuildingA_Floor1,TypeA
1020,2025-04-30 11:42:14,31.05,43.19,BuildingA_Floor1,TypeC
1017,2025-04-28 18:38:05,17.46,74.19,BuildingA_Floor2,TypeB
1025,2025-05-01 07:55:12,15.01,54.91,BuildingB_Floor2,TypeA
1031,2025-05-01 06:26:05,17.82,32.58,BuildingB_Floor2,TypeC
1005,2025-04-30 23:51:41,19.63,52.49,BuildingA_Floor2,TypeC
1087,2025-05-01 20:54:32,30.96,43.19,BuildingA_Floor2,TypeA
1099,2025-04-29 08:51:44,31.97,44.96,BuildingB_Floor1,TypeC
1043,2025-04-30 20:40:09,17.6,34.84,BuildingB_Floor1,TypeA
1000,2025-04-29 06:13:49,34.0,58.26,BuildingA_Floor1,TypeC
1024,2025-04-29 02:20:20,20.02,50.52,BuildingB_Floor2,TypeA
1008,2025-05-01 12:25:59,30.72,40.7,BuildingB_Floor1,TypeC
1018,2025-05-02 09:51:38,17.47,59.61,BuildingA_Floor1,TypeB
1013,2025-05-02 08:40:17,16.22,35.51,BuildingA_Floor1,TypeA
1098,2025-04-29 16:07:05,20.75,33.07,BuildingB_Floor2,TypeC
1007,2025-04-29 10:30:38,24.6,60.99,BuildingB_Floor2,TypeB
1021,2025-04-30 18:37:33,19.73,33.29,BuildingA_Floor1,TypeB
1000,2025-05-01 00:28:10,24.86,36.2,BuildingB_Floor1,TypeC
1057,2025-04-30 17:05:40,21.89,69.26,BuildingA_Floor2,TypeA
1046,2025-05-01 07:10:17,25.38,47.43,BuildingA_Floor2,TypeC
1087,2025-05-02 08:59:55,19.11,71.81,BuildingB_Floor1,TypeB
1053,2025-04-28 07:28:41,19.63,63.47,BuildingB_Floor1,TypeB
1000,2025-05-01 20:27:29,19.56,46.29,BuildingB_Floor2,TypeA
1072,2025-04-30 18:28:25,30.58,49.4,BuildingB_Floor1,TypeB
1025,2025-04-28 05:04:43,29.83,31.69,BuildingB_Floor2,TypeA
1037,2025-04-30 19:37:06,22.96,39.84,BuildingB_Floor1,TypeC
1035,2025-05-01 12:55:24,32.33,79.36,BuildingB_Floor2,TypeA
1057,2025-04-29 03:20:47,21.71,75.7,BuildingA_Floor2,TypeA
1086,2025-04-30 15:32:10,34.16,72.35,BuildingA_Floor2,TypeC
1045,2025-04-30 22:47:40,21.85,60.55,BuildingA_Floor2,TypeC
1088,2025-05-02 13:23:54,27.35,52.25,BuildingA_Floor1,TypeC
1094,2025-05-03 00:42:40,29.53,30.75,BuildingB_Floor2,TypeB
1049,2025-05-01 17:29:22,34.81,41.01,BuildingB_Floor1,TypeA
1005,2025-05-03 01:00:01,31.89,34.01,BuildingA_Floor2,TypeB
1077,2025-05-02 04:21:15,25.94,60.4,BuildingA_Floor2,TypeC
1025,2025-04-30 22:45:14,28.06,79.65,BuildingA_Floor1,TypeB
1045,2025-05-03 00:01:38,28.79,43.84,BuildingA_Floor2,TypeA
1069,2025-04-29 22:28:44,29.57,60.61,BuildingA_Floor1,TypeA
1077,2025-05-02 05:42:09,28.82,52.54,BuildingA_Floor2,TypeC
1045,2025-04-29 20:15:02,26.36,59.91,BuildingB_Floor2,TypeA
1045,2025-04-29 20:47:08,33.09,60.23,BuildingA_Floor2,TypeC
1029,2025-04-28 14:12:32,19.75,45.79,BuildingB_Floor1,TypeA
1037,2025-04-29 10:24:10,26.68,53.42,BuildingB_Floor1,TypeA
1079,2025-04-29 13:35:49,22.37,65.5,BuildingB_Floor1,TypeC
1052,2025-05-02 19:26:12,29.38,39.24,BuildingB_Floor1,TypeC
1097,2025-05-01 18:04:29,17.94,56.55,BuildingB_Floor2,TypeC
1012,2025-04-28 10:09:08,32.5,72.57,BuildingA_Floor1,TypeA
1076,2025-05-01 08:48:40,29.09,44.58,BuildingB_Floor1,TypeB
1097,2025-04-29 09:23:31,22.96,47.63,BuildingB_Floor2,TypeA
1011,2025-05-01 18:02:19,22.92,76.57,BuildingA_Floor2,TypeC
1082,2025-04-30 03:21:31,25.64,51.09,BuildingA_Floor1,TypeC
1041,2025-05-01 08:34:00,29.96,58.16,BuildingA_Floor1,TypeC
1072,2025-05-01 16:36:25,20.09,70.7,BuildingA_Floor1,TypeC
1004,2025-05-02 02:35:04,17.81,47.96,BuildingA_Floor1,TypeC
1086,2025-05-02 17:12:27,33.7,65.14,BuildingA_Floor2,TypeA
1087,2025-04-29 23:47:00,32.99,79.1,BuildingA_Floor1,TypeC
1014,2025-05-01 18:12:38,16.34,54.1,BuildingA_Floor2,TypeB
1042,2025-04-29 13:16:43,19.69,34.14,BuildingA_Floor1,TypeB
1014,2025-04-30 21:14:05,24.72,43.85,BuildingB_Floor2,TypeA
1063,2025-04-29 11:56:33,27.39,44.95,BuildingA_Floor2,TypeA
1037,2025-05-02 10:45:16,17.24,64.38,BuildingB_Floor1,TypeA
1069,2025-04-29 16:18:44,27.13,46.1,BuildingA_Floor2,TypeA
1049,2025-04-29 16:09:22,26.03,49.51,BuildingB_Floor2,TypeC
1057,2025-04-30 05:25:42,21.37,58.74,BuildingA_Floor1,TypeC
1086,2025-05-02 19:36:18,22.04,73.31,BuildingB_Floor2,TypeA
1096,2025-05-02 23:55:49,22.82,57.28,BuildingA_Floor2,TypeA
1070,2025-04-29 12:26:28,30.53,59.76,BuildingB_Floor2,TypeB
1066,2025-05-02 00:48:16,16.86,57.73,BuildingA_Floor1,TypeC
1047,2025-04-28 12:51:52,19.5,56.55,BuildingA_Floor2,TypeA
1036,2025-05-01 02:08:24,27.95,60.9,BuildingB_Floor1,TypeC
1013,2025-04-29 01:15:30,26.39,31.08,BuildingA_Floor1,TypeA
1002,2025-04-29 03:47:45,15.59,34.17,BuildingB_Floor2,TypeB
1004,2025-04-29 12:23:11,25.52,61.35,BuildingB_Floor2,TypeA
1080,2025-04-28 05:02:31,27.2,58.71,BuildingA_Floor1,TypeB
1069,2025-04-30 05:12:26,21.54,56.87,BuildingB_Floor1,TypeC
1033,2025-05-01 07:55:10,17.17,46.6,BuildingB_Floor2,TypeA
1072,2025-04-30 06:14:19,22.26,59.3,BuildingB_Floor1,TypeB
1094,2025-05-02 05:10:56,16.05,30.79,BuildingB_Floor2,TypeB
1082,2025-04-30 12:31:04,30.41,78.59,BuildingB_Floor2,TypeA
1072,2025-05-02 08:08:16,20.19,66.54,BuildingB_Floor2,TypeC
1055,2025-04-30 03:38:58,16.01,63.4,BuildingB_Floor1,TypeA
1018,2025-04-28 11:30:35,34.06,31.75,BuildingB_Floor2,TypeC
1011,2025-04-30 02:37:42,25.8,34.84,BuildingB_Floor2,TypeB
1100,2025-04-30 02:03:43,28.15,65.59,BuildingB_Floor2,TypeA
1005,2025-04-30 14:42:20,23.3,55.18,BuildingA_Floor1,TypeA
1052,2025-05-02 11:37:43,33.22,60.65,BuildingB_Floor1,TypeB
1028,2025-04-30 17:43:19,27.47,54.0,BuildingB_Floor2,TypeC
1024,2025-05-03 01:06:33,24.42,58.47,BuildingA_Floor1,TypeB
1001,2025-04-30 11:57:14,23.26,71.43,BuildingA_Floor2,TypeB
1048,2025-05-01 10:38:34,29.99,48.1,BuildingA_Floor2,TypeA
1099,2025-04-29 05:28:28,17.54,51.64,BuildingA_Floor2,TypeB
1062,2025-04-29 09:11:05,31.41,33.77,BuildingB_Floor2,TypeC
1085,2025-05-01 01:45:30,32.93,66.48,BuildingB_Floor1,TypeA
1037,2025-05-02 14:43:02,26.43,64.3,BuildingA_Floor2,TypeA
1048,2025-04-30 13:52:13,28.99,60.34,BuildingA_Floor1,TypeB
1078,2025-05-01 05:35:55,19.45,50.38,BuildingA_Floor2,TypeB
1097,2025-04-29 10:32:09,28.34,40.47,BuildingA_Floor2,TypeA
1036,2025-05-01 13:57:15,33.38,67.89,BuildingA_Floor1,TypeB
1046,2025-04-30 13:31:30,26.8,60.79,BuildingB_Floor1,TypeC
1052,2025-04-29 12:03:30,19.92,54.52,BuildingB_Floor2,TypeA
1082,2025-04-29 16:51:53,22.36,51.6,BuildingB_Floor1,TypeC
1041,2025-04-30 06:53:21,23.61,62.65,BuildingB_Floor2,TypeB
1017,2025-05-02 02:00:54,25.2,58.72,BuildingB_Floor2,TypeB
1045,2025-04-29 18:02:14,18.22,38.73,BuildingB_Floor2,TypeB
1055,2025-04-30 14:53:38,32.18,66.83,BuildingA_Floor1,TypeC
1048,2025-05-01 05:57:08,19.04,67.6,BuildingA_Floor2,TypeA
1031,2025-04-30 03:19:48,34.59,57.65,BuildingA_Floor1,TypeC
1011,2025-04-30 11:50:14,28.76,70.38,BuildingA_Floor2,TypeB
1087,2025-04-30 22:37:39,29.33,58.78,BuildingB_Floor1,TypeB
1093,2025-04-30 14:22:17,34.52,48.31,BuildingB_Floor1,TypeC
1009,2025-04-28 08:00:22,18.38,57.87,BuildingB_Floor1,TypeA
1004,2025-05-02 14:44:07,17.56,73.08,BuildingB_Floor2,TypeC
1086,2025-04-29 22:19:41,33.74,73.1,BuildingB_Floor2,TypeC
1018,2025-05-01 12:12:18,29.85,75.44,BuildingA_Floor1,TypeB
1011,2025-05-01 10:51:07,26.21,35.7,BuildingB_Floor1,TypeA
1070,2025-05-02 15:30:36,16.6,47.23,BuildingB_Floor2,TypeC
1059,2025-05-01 22:43:21,27.15,36.28,BuildingB_Floor2,TypeA
1037,2025-05-01 21:11:55,34.71,42.82,BuildingA_Floor2,TypeA
1045,2025-04-30 16:08:37,20.47,34.5,BuildingA_Floor2,TypeB
1086,2025-05-02 12:20:59,24.67,68.65,BuildingA_Floor2,TypeC
1070,2025-04-29 03:00:38,24.37,34.95,BuildingB_Floor2,TypeC
1032,2025-04-28 10:34:13,25.26,71.82,BuildingB_Floor1,TypeA
1040,2025-04-28 19:14:37,23.93,62.77,BuildingA_Floor1,TypeA
1024,2025-05-01 14:56:48,19.62,61.68,BuildingB_Floor1,TypeC
1020,2025-05-01 10:43:04,19.42,43.5,BuildingA_Floor1,TypeB
1098,2025-04-29 17:08:53,26.62,74.24,BuildingB_Floor1,TypeB
1083,2025-04-28 11:18:30,27.74,62.62,BuildingA_Floor1,TypeA
1032,2025-04-29 16:43:58,15.61,79.53,BuildingB_Floor1,TypeA
1037,2025-04-29 16:31:52,27.34,34.97,BuildingA_Floor2,TypeA
1075,2025-04-30 14:13:39,21.6,64.02,BuildingA_Floor1,TypeB
1066,2025-04-29 05:57:31,34.48,34.3,BuildingB_Floor1,TypeC
1083,2025-04-29 04:21:17,15.8,32.57,BuildingA_Floor1,TypeB
1069,2025-04-30 19:00:01,15.56,78.53,BuildingB_Floor1,TypeB
1057,2025-05-02 15:52:30,23.38,59.93,BuildingB_Floor2,TypeB
1086,2025-04-28 23:10:52,23.93,59.74,BuildingA_Floor1,TypeB
1005,2025-04-30 00:39:20,15.22,31.05,BuildingA_Floor1,TypeC
1051,2025-04-29 20:45:39,33.8,54.2,BuildingB_Floor1,TypeC
1037,2025-05-02 13:49:47,29.75,64.11,BuildingB_Floor2,TypeC
1039,2025-04-28 02:03:59,26.59,58.93,BuildingB_Floor2,TypeB
1009,2025-04-28 23:34:12,33.17,41.15,BuildingB_Floor2,TypeA
1020,2025-04-30 04:10:17,18.91,31.46,BuildingA_Floor1,TypeA
1062,2025-05-02 00:15:37,21.07,39.04,BuildingB_Floor1,TypeB
1063,2025-05-01 21:17:30,26.21,71.1,BuildingB_Floor2,TypeA
1065,2025-04-28 22:23:13,15.73,79.62,BuildingA_Floor1,TypeA
1069,2025-05-02 11:41:40,24.55,64.95,BuildingA_Floor2,TypeA
1042,2025-05-02 10:57:47,18.12,46.47,BuildingA_Floor2,TypeC
1039,2025-04-29 05:41:47,24.97,73.86,BuildingA_Floor1,TypeA
1043,2025-05-02 23:54:11,19.6,65.12,BuildingA_Floor2,TypeA
1016,2025-04-28 07:19:51,29.18,56.23,BuildingA_Floor1,TypeB
1014,2025-04-28 11:18:13,18.28,75.59,BuildingB_Floor2,TypeA
1021,2025-04-28 19:31:04,20.1,56.46,BuildingB_Floor1,TypeA
1030,2025-05-02 03:13:00,15.38,68.43,BuildingA_Floor2,TypeB
1083,2025-05-02 12:44:42,30.8,33.47,BuildingA_Floor1,TypeC
1047,2025-05-01 10:15:03,24.3,73.42,BuildingA_Floor1,TypeB
1059,2025-04-28 07:59:46,31.74,57.23,BuildingB_Floor2,TypeB
1029,2025-04-30 19:21:39,23.98,69.03,BuildingA_Floor1,TypeA
1004,2025-04-30 13:56:28,23.52,46.07,BuildingB_Floor2,TypeC
1021,2025-04-29 14:16:15,30.79,75.33,BuildingA_Floor2,TypeA
1014,2025-04-30 06:21:12,19.18,77.91,BuildingA_Floor2,TypeC
1033,2025-04-30 04:14:33,18.68,63.93,BuildingB_Floor1,TypeC
1038,2025-04-29 21:02:13,31.93,64.03,BuildingB_Floor2,TypeC
1081,2025-04-30 10:48:30,18.61,57.46,BuildingA_Floor1,TypeC
1009,2025-04-29 21:29:02,17.02,42.52,BuildingA_Floor1,TypeA
1075,2025-05-01 07:40:10,17.36,62.92,BuildingB_Floor1,TypeA
1089,2025-04-30 08:03:04,32.11,31.25,BuildingA_Floor1,TypeB
1088,2025-04-28 22:41:54,33.63,54.36,BuildingA_Floor2,TypeC
1043,2025-04-29 09:03:18,31.76,41.44,BuildingA_Floor2,TypeC
1086,2025-04-28 02:00:14,18.97,41.95,BuildingA_Floor2,TypeA
1067,2025-05-02 04:29:10,16.37,71.74,BuildingA_Floor2,TypeA
1033,2025-04-30 21:41:54,28.45,67.25,BuildingA_Floor1,TypeC
1032,2025-05-01 04:19:01,25.44,65.8,BuildingB_Floor1,TypeC
1003,2025-04-29 16:54:13,19.33,34.58,BuildingB_Floor2,TypeC
1026,2025-05-01 08:04:24,23.21,44.14,BuildingA_Floor2,TypeA
1004,2025-04-30 09:26:42,27.61,49.61,BuildingA_Floor1,TypeA
1034,2025-04-30 06:47:11,17.09,75.61,BuildingA_Floor1,TypeC
1092,2025-04-29 03:58:36,30.62,38.19,BuildingA_Floor2,TypeB
1082,2025-04-29 05:59:08,25.36,75.48,BuildingB_Floor1,TypeA
1090,2025-05-02 15:59:24,19.67,57.19,BuildingA_Floor1,TypeB
1005,2025-04-30 17:26:12,20.73,72.19,BuildingB_Floor1,TypeC
1076,2025-04-29 07:02:49,27.35,74.82,BuildingA_Floor1,TypeA
1028,2025-05-01 06:07:36,29.78,31.31,BuildingB_Floor2,TypeB
1049,2025-05-01 15:02:36,27.84,43.17,BuildingA_Floor1,TypeA
1020,2025-04-30 12:41:23,18.04,51.05,BuildingB_Floor1,TypeA
1070,2025-05-01 21:44:22,24.37,76.03,BuildingB_Floor1,TypeA
1073,2025-04-29 22:55:42,29.01,31.96,BuildingA_Floor2,TypeC
1008,2025-05-02 15:05:48,33.42,50.21,BuildingA_Floor2,TypeB
1007,2025-04-28 06:43:30,25.52,52.73,BuildingB_Floor1,TypeB
1026,2025-05-03 00:24:14,28.63,70.82,BuildingB_Floor1,TypeC
1067,2025-05-02 18:39:03,31.17,33.8,BuildingB_Floor2,TypeC
1024,2025-04-28 14:01:15,16.72,56.96,BuildingA_Floor2,TypeB
1023,2025-05-01 20:54:12,23.53,71.18,BuildingB_Floor1,TypeA
1092,2025-04-30 15:39:18,31.76,36.16,BuildingB_Floor2,TypeC
1064,2025-04-29 05:50:28,32.03,55.46,BuildingB_Floor2,TypeC
1020,2025-04-30 21:28:12,24.15,52.54,BuildingA_Floor2,TypeC
1096,2025-05-01 16:20:48,22.08,60.52,BuildingA_Floor2,TypeC
1051,2025-04-29 15:49:01,24.41,69.84,BuildingA_Floor2,TypeC
1083,2025-04-30 08:40:23,32.65,67.71,BuildingB_Floor2,TypeB
1051,2025-04-28 17:06:52,32.08,66.35,BuildingB_Floor1,TypeB
1067,2025-04-28 16:19:16,33.38,43.06,BuildingA_Floor1,TypeB
1046,2025-04-30 02:17:52,24.31,73.97,BuildingA_Floor1,TypeA
1027,2025-05-01 12:42:42,23.66,71.97,BuildingA_Floor1,TypeB
1043,2025-05-02 08:26:12,26.35,46.68,BuildingA_Floor2,TypeC
1040,2025-05-02 18:45:16,25.45,74.9,BuildingA_Floor1,TypeC
1018,2025-04-28 05:21:53,23.33,46.67,BuildingB_Floor2,TypeB
1074,2025-05-02 08:45:23,25.04,47.57,BuildingB_Floor2,TypeC
1075,2025-04-29 04:17:35,26.39,68.28,BuildingB_Floor1,TypeA
1072,2025-04-29 15:42:40,31.77,34.47,BuildingB_Floor1,TypeB
1012,2025-04-28 09:12:53,15.07,67.41,BuildingA_Floor1,TypeC
1091,2025-04-30 06:46:51,34.98,30.53,BuildingA_Floor1,TypeB
1039,2025-04-29 08:29:31,32.0,55.59,BuildingA_Floor2,TypeB
1002,2025-05-01 12:31:48,17.62,48.53,BuildingA_Floor2,TypeB
1022,2025-04-30 22:28:42,23.61,63.31,BuildingA_Floor2,TypeA
1051,2025-05-02 08:41:49,25.51,44.71,BuildingA_Floor2,TypeB
1088,2025-05-01 13:18:07,32.75,63.89,BuildingB_Floor2,TypeB
1017,2025-04-28 03:19:14,18.56,39.59,BuildingB_Floor2,TypeC
1076,2025-04-30 15:12:40,29.86,36.57,BuildingB_Floor2,TypeC
1067,2025-04-29 17:38:11,18.97,79.01,BuildingB_Floor1,TypeA
1086,2025-05-02 02:05:11,29.25,52.3,BuildingB_Floor2,TypeB
1072,2025-05-01 06:55:40,29.41,66.59,BuildingB_Floor2,TypeB
1030,2025-05-02 23:15:25,18.25,64.06,BuildingB_Floor1,TypeC
1026,2025-05-02 11:29:39,33.7,35.48,BuildingB_Floor2,TypeA
1050,2025-04-29 02:24:25,28.2,32.47,BuildingA_Floor1,TypeB
1001,2025-05-02 08:14:10,18.64,59.32,BuildingB_Floor2,TypeB
1023,2025-04-30 19:10:40,33.88,44.89,BuildingA_Floor2,TypeB
1005,2025-05-01 21:16:38,23.03,49.54,BuildingA_Floor1,TypeB
1002,2025-04-29 07:11:21,30.53,39.87,BuildingB_Floor1,TypeB
1084,2025-05-01 03:51:34,33.66,51.17,BuildingA_Floor2,TypeC
1042,2025-05-02 14:24:33,28.32,30.88,BuildingB_Floor1,TypeB
1074,2025-04-28 02:35:51,15.27,49.22,BuildingA_Floor2,TypeC
1079,2025-04-28 16:43:57,33.26,46.67,BuildingB_Floor2,TypeC
1008,2025-05-02 13:11:40,18.12,36.25,BuildingB_Floor2,TypeC
1093,2025-05-01 01:06:44,29.54,37.68,BuildingB_Floor1,TypeB
1012,2025-04-28 02:06:09,32.07,37.49,BuildingA_Floor1,TypeC
1000,2025-05-01 03:06:37,32.06,44.0,BuildingB_Floor2,TypeC
1062,2025-05-01 07:08:30,25.61,74.14,BuildingA_Floor1,TypeC
1047,2025-04-28 09:41:19,25.06,56.57,BuildingA_Floor1,TypeA
1060,2025-04-30 00:04:32,22.59,72.76,BuildingB_Floor1,TypeC
1065,2025-05-02 06:14:56,18.12,45.48,BuildingA_Floor2,TypeB
1040,2025-05-01 02:20:00,30.19,37.28,BuildingB_Floor2,TypeC
1065,2025-05-01 09:55:33,26.93,46.01,BuildingA_Floor2,TypeB
1055,2025-05-01 14:38:30,34.38,78.16,BuildingB_Floor1,TypeC
1010,2025-05-01 14:46:02,28.18,71.69,BuildingB_Floor2,TypeB
1090,2025-04-30 19:47:10,34.31,33.51,BuildingB_Floor1,TypeA
1063,2025-04-28 05:07:56,21.32,65.63,BuildingB_Floor2,TypeB
1076,2025-05-01 06:57:18,27.4,47.41,BuildingB_Floor1,TypeB
1083,2025-04-29 23:51:51,26.08,68.76,BuildingB_Floor1,TypeA
1090,2025-05-02 06:34:43,25.82,41.97,BuildingA_Floor2,TypeB
1075,2025-04-28 01:49:50,18.07,79.98,BuildingB_Floor2,TypeB
1083,2025-04-30 15:22:25,19.7,77.49,BuildingA_Floor2,TypeB
1087,2025-05-02 07:04:31,23.82,61.65,BuildingB_Floor1,TypeC
1051,2025-05-01 04:03:57,21.13,66.29,BuildingB_Floor1,TypeB
1084,2025-04-30 01:19:43,32.96,50.56,BuildingB_Floor1,TypeA
1085,2025-04-30 13:48:40,16.82,41.31,BuildingB_Floor1,TypeB
1075,2025-04-29 10:05:29,15.88,77.3,BuildingB_Floor1,TypeB
1017,2025-04-28 12:36:51,28.01,34.87,BuildingB_Floor2,TypeB
1084,2025-04-29 06:46:08,29.86,45.37,BuildingA_Floor1,TypeA
1049,2025-05-02 10:59:32,22.75,52.87,BuildingB_Floor1,TypeB
1065,2025-04-30 04:38:34,20.44,69.05,BuildingA_Floor2,TypeB
1010,2025-04-29 20:25:43,15.39,30.11,BuildingA_Floor2,TypeC
1080,2025-05-02 12:57:45,16.92,77.02,BuildingB_Floor2,TypeC
1072,2025-05-01 01:28:01,23.66,77.46,BuildingA_Floor1,TypeA
1041,2025-05-01 23:42:24,25.65,34.49,BuildingA_Floor2,TypeB
1015,2025-04-28 23:55:34,30.39,63.06,BuildingB_Floor2,TypeC
1055,2025-05-01 07:38:55,34.49,48.51,BuildingA_Floor2,TypeA
1030,2025-04-30 04:04:29,23.44,45.09,BuildingB_Floor1,TypeC
1021,2025-04-28 16:10:42,20.5,51.84,BuildingB_Floor1,TypeA
1041,2025-04-29 08:46:46,25.11,47.54,BuildingB_Floor2,TypeA
1099,2025-05-01 12:09:21,27.23,74.08,BuildingB_Floor2,TypeC
1046,2025-05-01 01:24:13,31.36,31.29,BuildingB_Floor1,TypeC
1092,2025-04-29 03:05:07,19.17,58.56,BuildingA_Floor2,TypeB
1098,2025-04-29 12:42:58,23.56,60.59,BuildingA_Floor1,TypeA
1013,2025-04-29 22:56:12,21.63,43.84,BuildingA_Floor2,TypeA
1071,2025-04-30 05:46:41,15.11,49.75,BuildingB_Floor1,TypeC
1012,2025-05-02 04:13:13,34.28,68.72,BuildingB_Floor1,TypeC
1024,2025-04-29 01:48:10,24.39,54.05,BuildingA_Floor1,TypeA
1078,2025-04-29 18:46:46,31.38,51.67,BuildingA_Floor1,TypeA
1017,2025-04-28 09:03:19,25.29,57.3,BuildingB_Floor1,TypeC
1045,2025-04-30 21:01:06,19.05,39.22,BuildingB_Floor2,TypeC
1067,2025-05-01 17:53:20,20.45,34.77,BuildingA_Floor1,TypeC
1056,2025-04-28 13:19:06,21.7,38.1,BuildingA_Floor2,TypeB
1046,2025-05-01 01:09:21,23.04,34.33,BuildingA_Floor1,TypeA
1041,2025-04-29 20:19:58,22.8,49.45,BuildingA_Floor1,TypeC
1075,2025-05-02 07:38:19,24.82,79.86,BuildingA_Floor2,TypeB
1073,2025-05-01 05:44:23,31.23,68.77,BuildingB_Floor2,TypeB
1029,2025-04-29 13:03:24,22.49,53.49,BuildingB_Floor2,TypeB
1020,2025-05-02 22:47:40,34.63,70.96,BuildingA_Floor2,TypeA
1042,2025-05-01 12:53:52,30.75,46.28,BuildingA_Floor1,TypeB
1079,2025-04-29 01:24:12,21.94,70.47,BuildingB_Floor1,TypeC
1042,2025-04-29 06:34:42,31.42,66.53,BuildingB_Floor1,TypeC
1046,2025-05-01 06:42:16,27.77,52.72,BuildingB_Floor1,TypeB
1016,2025-05-02 00:51:16,16.89,41.11,BuildingB_Floor1,TypeC
1058,2025-04-28 15:35:26,26.04,47.7,BuildingA_Floor1,TypeC
1035,2025-04-28 10:36:46,20.7,55.69,BuildingB_Floor1,TypeC
1059,2025-04-28 19:50:01,30.32,52.78,BuildingB_Floor2,TypeC
1015,2025-04-28 14:28:27,15.14,70.39,BuildingA_Floor2,TypeC
1029,2025-04-29 09:28:29,31.43,67.35,BuildingA_Floor2,TypeA
1092,2025-04-30 07:34:44,19.99,44.79,BuildingA_Floor2,TypeB
1075,2025-04-28 23:42:57,16.6,35.2,BuildingB_Floor1,TypeA
1080,2025-04-29 07:42:55,26.65,71.74,BuildingB_Floor1,TypeB
1097,2025-05-02 23:11:42,23.79,34.4,BuildingA_Floor2,TypeA
1083,2025-04-29 06:18:44,22.1,68.15,BuildingB_Floor1,TypeA
1011,2025-04-29 23:34:55,28.01,46.53,BuildingB_Floor2,TypeB
1080,2025-05-02 23:26:29,21.22,40.44,BuildingB_Floor2,TypeB
1062,2025-04-28 09:17:47,31.81,41.35,BuildingA_Floor1,TypeA
1074,2025-05-01 05:50:45,30.39,67.83,BuildingB_Floor2,TypeB
1078,2025-04-28 11:49:02,26.71,32.3,BuildingB_Floor2,TypeC
1079,2025-04-30 19:37:44,27.68,42.24,BuildingB_Floor2,TypeB
1058,2025-04-29 18:02:12,30.1,77.59,BuildingB_Floor1,TypeA
1081,2025-05-02 21:16:48,33.45,72.7,BuildingA_Floor1,TypeC
1100,2025-04-30 04:33:27,18.92,67.75,BuildingA_Floor1,TypeC
1070,2025-04-30 10:49:40,23.63,38.74,BuildingB_Floor2,TypeB
1009,2025-04-30 19:47:54,27.39,56.71,BuildingB_Floor2,TypeB
1053,2025-04-29 21:54:22,25.84,74.5,BuildingA_Floor1,TypeB
1050,2025-05-01 19:25:51,31.59,77.31,BuildingA_Floor1,TypeC
1059,2025-04-30 19:28:58,15.04,41.14,BuildingA_Floor1,TypeB
1094,2025-05-01 12:22:08,32.59,51.72,BuildingA_Floor2,TypeA
1088,2025-05-02 04:32:37,18.86,61.49,BuildingB_Floor2,TypeB
1042,2025-05-01 16:05:00,31.46,75.29,BuildingA_Floor1,TypeB
1025,2025-04-30 11:14:09,33.26,66.13,BuildingB_Floor2,TypeB
1049,2025-05-02 19:59:22,29.32,35.95,BuildingA_Floor2,TypeB
1044,2025-04-30 07:12:07,22.89,40.58,BuildingA_Floor1,TypeC
1072,2025-04-30 10:48:00,33.67,53.78,BuildingB_Floor2,TypeA
1094,2025-05-01 13:53:54,17.65,44.65,BuildingB_Floor2,TypeB
1097,2025-05-01 21:30:41,27.69,44.55,BuildingB_Floor2,TypeB
1011,2025-05-02 04:50:59,33.85,30.42,BuildingB_Floor1,TypeC
1087,2025-05-01 08:24:54,34.45,43.01,BuildingB_Floor1,TypeC
1100,2025-04-29 04:07:58,15.99,38.07,BuildingA_Floor1,TypeB
1090,2025-05-01 06:49:16,17.42,47.59,BuildingB_Floor1,TypeC
1010,2025-05-02 13:33:36,27.73,50.94,BuildingA_Floor1,TypeC
1003,2025-04-30 06:55:51,20.41,44.05,BuildingB_Floor1,TypeC
1012,2025-04-29 10:21:57,32.21,76.42,BuildingB_Floor2,TypeA
1020,2025-05-02 00:41:47,24.49,60.93,BuildingA_Floor1,TypeB
1042,2025-04-28 04:19:53,31.81,63.31,BuildingA_Floor2,TypeC
1005,2025-05-01 10:48:01,25.6,69.59,BuildingA_Floor2,TypeB
1067,2025-05-01 18:23:35,21.37,62.9,BuildingB_Floor2,TypeB
1082,2025-04-29 07:22:49,17.37,52.02,BuildingA_Floor2,TypeC
1088,2025-05-02 05:16:18,33.78,60.25,BuildingA_Floor1,TypeB
1098,2025-04-30 00:27:45,33.78,78.06,BuildingB_Floor1,TypeC
1004,2025-04-29 14:43:22,30.47,60.99,BuildingA_Floor2,TypeA
1086,2025-05-02 14:45:24,29.28,48.01,BuildingB_Floor1,TypeB
1049,2025-04-30 07:49:01,24.29,76.98,BuildingB_Floor1,TypeA
1090,2025-04-28 19:52:13,29.02,58.73,BuildingA_Floor1,TypeA
1039,2025-05-02 04:29:07,27.65,62.16,BuildingA_Floor2,TypeB
1033,2025-05-01 09:54:28,28.41,79.19,BuildingB_Floor2,TypeB
1085,2025-05-01 05:34:31,15.26,52.22,BuildingA_Floor1,TypeA
1051,2025-04-28 07:41:44,22.56,67.12,BuildingA_Floor2,TypeB
1049,2025-05-01 11:54:54,32.74,33.4,BuildingB_Floor1,TypeC
1073,2025-04-29 15:19:57,28.67,73.36,BuildingA_Floor1,TypeC
1006,2025-04-29 17:40:08,19.01,38.14,BuildingB_Floor2,TypeC
1020,2025-04-30 19:31:55,28.65,57.82,BuildingA_Floor1,TypeA
1085,2025-05-01 02:37:01,27.33,69.54,BuildingB_Floor1,TypeB
1100,2025-05-01 04:54:46,25.36,75.04,BuildingB_Floor2,TypeC
1088,2025-04-30 07:05:58,27.49,34.78,BuildingA_Floor1,TypeC
1092,2025-04-30 13:54:00,20.74,38.75,BuildingA_Floor2,TypeA
